Geographic Area,"Total Population April 1, 2000r","Total Population April 1, 2010",Population Change Number,Population Change Percent,SUMLEV,State,County,Sub County,Place,FuncStat
Adams village,1616,1775,159,9.8,160,36,,,199,A
Addison village,1797,1763,-34,-1.9,160,36,,,276,A
Afton village,836,822,-14,-1.7,160,36,,,342,A
Airmont village,7799,8628,829,10.6,160,36,,,408,A
Akron village,3085,2868,-217,-7,160,36,,,441,A
Albany city,94444,97856,3412,3.6,160,36,,,1000,A
Albion village,5992,6056,64,1.1,160,36,,,1033,A
Alden village,2666,2605,-61,-2.3,160,36,,,1088,A
Alexander village,481,509,28,5.8,160,36,,,1154,A
Alexandria Bay village,1088,1078,-10,-0.9,160,36,,,1187,A
Alfred village,3954,4174,220,5.6,160,36,,,1198,A
Allegany village,1882,1816,-66,-3.5,160,36,,,1286,A
Almond village,461,466,5,1.1,160,36,,,1440,A
Altamont village,1755,1720,-35,-2,160,36,,,1517,A
Altmar village,348,407,59,17,160,36,,,1550,A
Ames village,173,145,-28,-16.2,160,36,,,1737,A
Amityville village,9441,9523,82,0.9,160,36,,,2044,A
Amsterdam city,18355,18620,265,1.4,160,36,,,2066,A
Andover village,1073,1042,-31,-2.9,160,36,,,2143,A
Angelica village,903,869,-34,-3.8,160,36,,,2176,A
Angola village,2266,2127,-139,-6.1,160,36,,,2198,A
Antwerp village,716,686,-30,-4.2,160,36,,,2286,A
Arcade village,2026,2071,45,2.2,160,36,,,2407,A
Ardsley village,4269,4452,183,4.3,160,36,,,2506,A
Argyle village,289,306,17,5.9,160,36,,,2550,A
Arkport village,832,844,12,1.4,160,36,,,2583,A
Asharoken village,623,654,31,5,160,36,,,2737,A
Athens village,1695,1668,-27,-1.6,160,36,,,2902,A
Atlantic Beach village,1986,1891,-95,-4.8,160,36,,,2968,A
Attica village,2597,2547,-50,-1.9,160,36,,,3001,A
Auburn city,28574,27687,-887,-3.1,160,36,,,3078,A
Aurora village,720,724,4,0.6,160,36,,,3188,A
Avoca village,1030,946,-84,-8.2,160,36,,,3331,A
Avon village,2977,3394,417,14,160,36,,,3353,A
Babylon village,12613,12166,-447,-3.5,160,36,,,3408,A
Bainbridge village,1365,1355,-10,-0.7,160,36,,,4033,A
Baldwinsville village,7066,7378,312,4.4,160,36,,,4198,A
Ballston Spa village,5556,5409,-147,-2.6,160,36,,,4253,A
Barker village,577,533,-44,-7.6,160,36,,,4440,A
Barneveld village,332,284,-48,-14.5,160,36,,,4528,A
Batavia city,16256,15465,-791,-4.9,160,36,,,4715,A
Bath village,5641,5786,145,2.6,160,36,,,4759,A
Baxter Estates village,1006,999,-7,-0.7,160,36,,,4803,A
Bayville village,7135,6669,-466,-6.5,160,36,,,5034,A
Beacon city,14805,15541,736,5,160,36,,,5100,A
Belle Terre village,832,792,-40,-4.8,160,36,,,5672,A
Bellerose village,1173,1193,20,1.7,160,36,,,5639,A
Bellport village,2363,2084,-279,-11.8,160,36,,,5771,A
Belmont village,952,969,17,1.8,160,36,,,5815,A
Bemus Point village,340,364,24,7.1,160,36,,,5848,A
Bergen village,1243,1176,-67,-5.4,160,36,,,6046,A
Binghamton city,47380,47376,-4,0,160,36,,,6607,A
Black River village,1285,1348,63,4.9,160,36,,,6794,A
Blasdell village,2718,2553,-165,-6.1,160,36,,,6849,A
Bloomfield village,1267,1361,94,7.4,160,36,,,6945,A
Bloomingburg village,348,420,72,20.7,160,36,,,6959,A
Bolivar village,1173,1047,-126,-10.7,160,36,,,7190,A
Boonville village,2138,2072,-66,-3.1,160,36,,,7355,A
Brewster village,2162,2390,228,10.5,160,36,,,8070,A
Briarcliff Manor village,7663,7867,204,2.7,160,36,,,8103,A
Bridgewater village,583,470,-113,-19.4,160,36,,,8169,A
Brightwaters village,3248,3103,-145,-4.5,160,36,,,8323,A
Broadalbin village,1411,1327,-84,-6,160,36,,,8422,A
Brockport village,8103,8366,263,3.2,160,36,,,8466,A
Brocton village,1547,1486,-61,-3.9,160,36,,,8488,A
Bronxville village,6543,6323,-220,-3.4,160,36,,,8532,A
Brookville village,3365,3465,100,3,160,36,,,10132,A
Brownville village,1022,1119,97,9.5,160,36,,,10231,A
Brushton village,479,474,-5,-1,160,36,,,10286,A
Buchanan village,2189,2230,41,1.9,160,36,,,10341,A
Buffalo city,292648,261310,-31338,-10.7,160,36,,,11000,A
Burdett village,357,340,-17,-4.8,160,36,,,11132,A
Burke village,213,211,-2,-0.9,160,36,,,11154,A
Caledonia village,2327,2201,-126,-5.4,160,36,,,11704,A
Cambridge village,1925,1870,-55,-2.9,160,36,,,11825,A
Camden village,2330,2231,-99,-4.2,160,36,,,11847,A
Camillus village,1249,1213,-36,-2.9,160,36,,,11902,A
Canajoharie village,2262,2229,-33,-1.5,160,36,,,12111,A
Canandaigua city,11418,10545,-873,-7.6,160,36,,,12144,A
Canaseraga village,584,550,-34,-5.8,160,36,,,12177,A
Canastota village,4425,4804,379,8.6,160,36,,,12188,A
Candor village,855,851,-4,-0.5,160,36,,,12210,A
Canisteo village,2336,2270,-66,-2.8,160,36,,,12254,A
Canton village,5954,6314,360,6,160,36,,,12331,A
Cape Vincent village,760,726,-34,-4.5,160,36,,,12353,A
Carthage village,3721,3747,26,0.7,160,36,,,12683,A
Cassadaga village,676,634,-42,-6.2,160,36,,,12749,A
Castile village,1051,1015,-36,-3.4,160,36,,,12771,A
Castleton-on-Hudson village,1619,1473,-146,-9,160,36,,,12870,A
Castorland village,311,351,40,12.9,160,36,,,12881,A
Cato village,601,532,-69,-11.5,160,36,,,12958,A
Catskill village,4392,4081,-311,-7.1,160,36,,,13002,A
Cattaraugus village,1075,1002,-73,-6.8,160,36,,,13024,A
Cayuga Heights village,3738,3729,-9,-0.2,160,36,,,13079,A
Cayuga village,511,549,38,7.4,160,36,,,13068,A
Cazenovia village,2623,2835,212,8.1,160,36,,,13145,A
Cedarhurst village,6177,6592,415,6.7,160,36,,,13233,A
Celoron village,1292,1112,-180,-13.9,160,36,,,13288,A
Central Square village,1812,1848,36,2,160,36,,,13585,A
Centre Island village,444,410,-34,-7.7,160,36,,,13618,A
Champlain village,1173,1101,-72,-6.1,160,36,,,13739,A
Chateaugay village,798,833,35,4.4,160,36,,,13981,A
Chatham village,1758,1770,12,0.7,160,36,,,14003,A
Chaumont village,610,624,14,2.3,160,36,,,14036,A
Cherry Creek village,551,461,-90,-16.3,160,36,,,15187,A
Cherry Valley village,592,520,-72,-12.2,160,36,,,15242,A
Chester village,3494,3969,475,13.6,160,36,,,15297,A
Chestnut Ridge village,7839,7916,77,1,160,36,,,15400,A
Chittenango village,4833,5081,248,5.1,160,36,,,15561,A
Churchville village,1887,1961,74,3.9,160,36,,,15638,A
Clayton village,1821,1978,157,8.6,160,36,,,16089,A
Clayville village,445,350,-95,-21.3,160,36,,,16111,A
Cleveland village,760,750,-10,-1.3,160,36,,,16188,A
Clifton Springs village,2223,2127,-96,-4.3,160,36,,,16375,A
Clinton village,1951,1942,-9,-0.5,160,36,,,16419,A
Clyde village,2269,2093,-176,-7.8,160,36,,,16573,A
Cobleskill village,4539,4678,139,3.1,160,36,,,16628,A
Cohocton village,854,838,-16,-1.9,160,36,,,16727,A
Cohoes city,15607,16168,561,3.6,160,36,,,16749,A
Cold Brook village,336,329,-7,-2.1,160,36,,,16815,A
Cold Spring village,1983,2013,30,1.5,160,36,,,16936,A
Colonie village,7916,7793,-123,-1.6,160,36,,,17332,A
Constableville village,305,242,-63,-20.7,160,36,,,17882,A
Cooperstown village,2032,1852,-180,-8.9,160,36,,,18047,A
Copenhagen village,865,801,-64,-7.4,160,36,,,18135,A
Corfu village,799,709,-90,-11.3,160,36,,,18201,A
Corinth village,2474,2559,85,3.4,160,36,,,18212,A
Corning city,10835,11183,348,3.2,160,36,,,18256,A
Cornwall-on-Hudson village,3058,3018,-40,-1.3,160,36,,,18333,A
Cortland city,18740,19204,464,2.5,160,36,,,18388,A
Cove Neck village,300,286,-14,-4.7,160,36,,,18597,A
Coxsackie village,2895,2813,-82,-2.8,160,36,,,18718,A
Croghan village,665,618,-47,-7.1,160,36,,,19070,A
Croton-on-Hudson village,7606,8070,464,6.1,160,36,,,19213,A
Sagaponack village a,,313,,,160,36,,,64452,A
Cuba village,1633,1575,-58,-3.6,160,36,,,19356,A
Delevan village,1089,1089,0,0,160,36,,,20115,A
Dannemora village,4129,3936,-193,-4.7,160,36,,,19642,A
Dansville village,4832,4719,-113,-2.3,160,36,,,19664,A
Deferiet village,309,294,-15,-4.9,160,36,,,19994,A
Delanson village,385,377,-8,-2.1,160,36,,,20082,A
Delhi village,2583,3087,504,19.5,160,36,,,20126,A
Depew village,16610,15303,-1307,-7.9,160,36,,,20313,A
Deposit village,1699,1663,-36,-2.1,160,36,,,20346,A
Dering Harbor village,13,11,-2,-15.4,160,36,,,20379,A
DeRuyter village,533,558,25,4.7,160,36,,,20390,A
Dexter village,1131,1052,-79,-7,160,36,,,20500,A
Dobbs Ferry village,10622,10875,253,2.4,160,36,,,20698,A
Dolgeville village,2164,2206,42,1.9,160,36,,,20731,A
Dresden village,307,308,1,0.3,160,36,,,20896,A
Dryden village,1838,1890,52,2.8,160,36,,,20951,A
Dundee village,1690,1725,35,2.1,160,36,,,21050,A
Dunkirk city,13131,12563,-568,-4.3,160,36,,,21105,A
Earlville village,791,872,81,10.2,160,36,,,21523,A
East Aurora village,6673,6236,-437,-6.5,160,36,,,21589,A
East Hampton village,1334,1083,-251,-18.8,160,36,,,22183,A
East Hills village,6842,6955,113,1.7,160,36,,,22260,A
East Nassau village,571,587,16,2.8,160,36,,,22557,A
East Randolph village,630,620,-10,-1.6,160,36,,,22843,A
East Rochester village,6650,6587,-63,-0.9,160,36,,,22865,A
East Rockaway village,10362,9818,-544,-5.2,160,36,,,22876,A
East Syracuse village,3178,3084,-94,-3,160,36,,,23052,A
East Williston village,2503,2556,53,2.1,160,36,,,23217,A
Edwards village,465,439,-26,-5.6,160,36,,,23635,A
Elba village,696,676,-20,-2.9,160,36,,,23745,A
Elbridge village,1118,1058,-60,-5.4,160,36,,,23789,A
Ellenville village,4008,4135,127,3.2,160,36,,,23965,A
Ellicottville village,472,376,-96,-20.3,160,36,,,24020,A
Ellisburg village,269,244,-25,-9.3,160,36,,,24075,A
Elmira city,30942,29200,-1742,-5.6,160,36,,,24229,A
Elmira Heights village,4170,4097,-73,-1.8,160,36,,,24251,A
Elmsford village,4672,4664,-8,-0.2,160,36,,,24295,A
Endicott village,13013,13392,379,2.9,160,36,,,24515,A
Esperance village,380,345,-35,-9.2,160,36,,,24713,A
Evans Mills village,605,621,16,2.6,160,36,,,24823,A
Fabius village,355,352,-3,-0.8,160,36,,,24867,A
Fair Haven village,884,745,-139,-15.7,160,36,,,24988,A
Fairport village,5740,5353,-387,-6.7,160,36,,,25076,A
Falconer village,2540,2420,-120,-4.7,160,36,,,25164,A
Farmingdale village,8399,8189,-210,-2.5,160,36,,,25384,A
Farnham village,322,382,60,18.6,160,36,,,25428,A
Fayetteville village,4190,4373,183,4.4,160,36,,,25527,A
Fishkill village,1740,2171,431,24.8,160,36,,,25967,A
Fleischmanns village,351,351,0,0,160,36,,,26209,A
Floral Park village,15967,15863,-104,-0.7,160,36,,,26264,A
Florida village,2589,2833,244,9.4,160,36,,,26319,A
Flower Hill village,4508,4665,157,3.5,160,36,,,26352,A
Fonda village,810,795,-15,-1.9,160,36,,,26462,A
Forestville village,770,697,-73,-9.5,160,36,,,26649,A
Fort Ann village,471,484,13,2.8,160,36,,,26704,A
Fort Edward village,3141,3375,234,7.4,160,36,,,26770,A
Fort Johnson village,491,490,-1,-0.2,160,36,,,26880,A
Fort Plain village,2288,2322,34,1.5,160,36,,,26924,A
Frankfort village,2537,2598,61,2.4,160,36,,,27188,A
Franklin village,402,374,-28,-7,160,36,,,27221,A
Franklinville village,1855,1740,-115,-6.2,160,36,,,27331,A
Fredonia village,10706,11230,524,4.9,160,36,,,27419,A
Freeport village,43783,42860,-923,-2.1,160,36,,,27485,A
Freeville village,505,520,15,3,160,36,,,27529,A
Fulton city,11855,11896,41,0.3,160,36,,,27815,A
Fultonville village,710,784,74,10.4,160,36,,,27859,A
Gainesville village,304,229,-75,-24.7,160,36,,,27969,A
Galway village,214,200,-14,-6.5,160,36,,,28101,A
Garden City village,21672,22371,699,3.2,160,36,,,28178,A
Geneseo village,7579,8031,452,6,160,36,,,28618,A
Geneva city,13613,13261,-352,-2.6,160,36,,,28640,A
Gilbertsville village,375,399,24,6.4,160,36,,,28959,A
Glen Cove city,26626,26964,338,1.3,160,36,,,29113,A
Glen Park village,487,502,15,3.1,160,36,,,29322,A
Glens Falls city,14354,14700,346,2.4,160,36,,,29333,A
Gloversville city,15391,15665,274,1.8,160,36,,,29443,A
Goshen village,5680,5454,-226,-4,160,36,,,29542,A
Gouverneur village,4267,3949,-318,-7.5,160,36,,,29597,A
Gowanda village,2842,2709,-133,-4.7,160,36,,,29630,A
Grand View-on-Hudson village,288,285,-3,-1,160,36,,,29872,A
Granville village,2644,2543,-101,-3.8,160,36,,,30026,A
Great Neck Estates village,2756,2761,5,0.2,160,36,,,30191,A
Great Neck Plaza village,6433,6707,274,4.3,160,36,,,30213,A
Great Neck village,9538,9989,451,4.7,160,36,,,30169,A
Green Island village,2283,2620,337,14.8,160,36,,,30521,A
Greene village,1701,1580,-121,-7.1,160,36,,,30411,A
Greenport village,2048,2197,149,7.3,160,36,,,30576,A
Greenwich village,1902,1777,-125,-6.6,160,36,,,30675,A
Greenwood Lake village,3411,3154,-257,-7.5,160,36,,,30752,A
Groton village,2470,2363,-107,-4.3,160,36,,,30961,A
Hagaman village,1357,1292,-65,-4.8,160,36,,,31291,A
Hamburg village,10110,9409,-701,-6.9,160,36,,,31643,A
Hamilton village,3515,4239,724,20.6,160,36,,,31709,A
Hammond village,302,280,-22,-7.3,160,36,,,31830,A
Hammondsport village,731,661,-70,-9.6,160,36,,,31852,A
Hancock village,1189,1031,-158,-13.3,160,36,,,31940,A
Hannibal village,542,555,13,2.4,160,36,,,32017,A
Harriman village,2268,2424,156,6.9,160,36,,,32325,A
Harrison village,24129,27472,3343,13.9,160,36,,,32402,A
Harrisville village,653,628,-25,-3.8,160,36,,,32424,A
Hastings-on-Hudson village,7715,7849,134,1.7,160,36,,,32710,A
Haverstraw village,10117,11910,1793,17.7,160,36,,,32754,A
Head of the Harbor village,1447,1472,25,1.7,160,36,,,32963,A
Hempstead village,53127,53891,764,1.4,160,36,,,33139,A
Herkimer village,7498,7743,245,3.3,160,36,,,34121,A
Hermon village,402,422,20,5,160,36,,,34165,A
Herrings village,129,90,-39,-30.2,160,36,,,34220,A
Heuvelton village,804,714,-90,-11.2,160,36,,,34264,A
Hewlett Bay Park village,484,404,-80,-16.5,160,36,,,34297,A
Hewlett Harbor village,1271,1263,-8,-0.6,160,36,,,34308,A
Hewlett Neck village,504,445,-59,-11.7,160,36,,,34319,A
Highland Falls village,3678,3900,222,6,160,36,,,34495,A
Hillburn village,881,951,70,7.9,160,36,,,34660,A
Hilton village,5876,5886,10,0.2,160,36,,,34847,A
Hobart village,390,441,51,13.1,160,36,,,34979,A
Holland Patent village,461,458,-3,-0.7,160,36,,,35144,A
Holley village,1802,1811,9,0.5,160,36,,,35155,A
Homer village,3392,3291,-101,-3,160,36,,,35276,A
Honeoye Falls village,2595,2674,79,3,160,36,,,35364,A
Hoosick Falls village,3432,3501,69,2,160,36,,,35474,A
Hornell city,9149,8563,-586,-6.4,160,36,,,35672,A
Horseheads village,6566,6461,-105,-1.6,160,36,,,35694,A
Hudson city,7524,6713,-811,-10.8,160,36,,,35969,A
Hudson Falls village,6922,7281,359,5.2,160,36,,,35980,A
Hunter village,486,502,16,3.3,160,36,,,36167,A
Huntington Bay village,1496,1425,-71,-4.7,160,36,,,37022,A
Ilion village,8622,8053,-569,-6.6,160,36,,,37275,A
Interlaken village,674,602,-72,-10.7,160,36,,,37528,A
Irvington village,6631,6420,-211,-3.2,160,36,,,37803,A
Island Park village,4732,4655,-77,-1.6,160,36,,,37847,A
Islandia village,3057,3335,278,9.1,160,36,,,37840,A
Ithaca city,28775,30014,1239,4.3,160,36,,,38077,A
Jamestown city,31984,31146,-838,-2.6,160,36,,,38264,A
Jeffersonville village,420,359,-61,-14.5,160,36,,,38506,A
Johnson City village,15503,15174,-329,-2.1,160,36,,,38748,A
Johnstown city,8636,8743,107,1.2,160,36,,,38781,A
Jordan village,1314,1368,54,4.1,160,36,,,38825,A
Kaser village,3471,4724,1253,36.1,160,36,,,38934,A
Keeseville village,1850,1815,-35,-1.9,160,36,,,39089,A
Kenmore village,16426,15423,-1003,-6.1,160,36,,,39232,A
Kensington village,1209,1161,-48,-4,160,36,,,39309,A
Kinderhook village,1287,1211,-76,-5.9,160,36,,,39562,A
Kings Point village,5076,5005,-71,-1.4,160,36,,,39694,A
Kingston city,23478,23893,415,1.8,160,36,,,39727,A
Kiryas Joel village,13138,20175,7037,53.6,160,36,,,39853,A
Lackawanna city,19064,18141,-923,-4.8,160,36,,,40189,A
Lacona village,614,582,-32,-5.2,160,36,,,40200,A
Lake George village,985,906,-79,-8,160,36,,,40508,A
Lake Grove village,10241,11163,922,9,160,36,,,40530,A
Lake Placid village,2638,2521,-117,-4.4,160,36,,,40761,A
Lake Success village,2797,2934,137,4.9,160,36,,,40937,A
Lakewood village,3255,3002,-253,-7.8,160,36,,,41069,A
Lancaster village,11188,10352,-836,-7.5,160,36,,,41135,A
Lansing village,3417,3529,112,3.3,160,36,,,41223,A
Larchmont village,6485,5864,-621,-9.6,160,36,,,41333,A
Lattingtown village,1860,1739,-121,-6.5,160,36,,,41432,A
Laurel Hollow village,1933,1952,19,1,160,36,,,41487,A
Laurens village,277,263,-14,-5.1,160,36,,,41520,A
Lawrence village,6522,6483,-39,-0.6,160,36,,,41553,A
Le Roy village,4462,4391,-71,-1.6,160,36,,,42026,A
Leicester village,462,468,6,1.3,160,36,,,41872,A
Lewiston village,2781,2701,-80,-2.9,160,36,,,42147,A
Liberty village,4018,4392,374,9.3,160,36,,,42224,A
Lima village,2459,2139,-320,-13,160,36,,,42323,A
Limestone village,411,389,-22,-5.4,160,36,,,42378,A
Lindenhurst village,27819,27253,-566,-2,160,36,,,42554,A
Lisle village,302,320,18,6,160,36,,,42642,A
Little Falls city,5193,4946,-247,-4.8,160,36,,,42741,A
Little Valley village,1130,1143,13,1.2,160,36,,,42829,A
Liverpool village,2505,2347,-158,-6.3,160,36,,,42884,A
Livonia village,1373,1409,36,2.6,160,36,,,42950,A
Lloyd Harbor village,3651,3660,9,0.2,160,36,,,43005,A
Lockport city,22279,21165,-1114,-5,160,36,,,43082,A
Lodi village,338,291,-47,-13.9,160,36,,,43214,A
Long Beach city,35462,33275,-2187,-6.2,160,36,,,43335,A
Lowville village,3476,3470,-6,-0.2,160,36,,,43720,A
Lynbrook village,19921,19427,-494,-2.5,160,36,,,43874,A
Lyndonville village,862,838,-24,-2.8,160,36,,,43918,A
Lyons Falls village,591,566,-25,-4.2,160,36,,,44006,A
Lyons village,3695,3619,-76,-2.1,160,36,,,43962,A
Macedon village,1496,1523,27,1.8,160,36,,,44149,A
Madison village,312,305,-7,-2.2,160,36,,,44424,A
Malone village,6075,5911,-164,-2.7,160,36,,,44710,A
Malverne village,8938,8514,-424,-4.7,160,36,,,44787,A
Mamaroneck village,18464,18929,465,2.5,160,36,,,44831,A
Manchester village,1475,1709,234,15.9,160,36,,,44853,A
Manlius village,4819,4704,-115,-2.4,160,36,,,45018,A
Mannsville village,400,354,-46,-11.5,160,36,,,45073,A
Manorhaven village,6138,6556,418,6.8,160,36,,,45106,A
Marathon village,1063,919,-144,-13.5,160,36,,,45392,A
Marcellus village,1826,1813,-13,-0.7,160,36,,,45480,A
Margaretville village,643,596,-47,-7.3,160,36,,,45557,A
Massapequa Park village,17499,17008,-491,-2.8,160,36,,,45997,A
Massena village,11209,10936,-273,-2.4,160,36,,,46019,A
Matinecock village,836,810,-26,-3.1,160,36,,,46107,A
Maybrook village,3084,2958,-126,-4.1,160,36,,,46162,A
Mayfield village,800,832,32,4,160,36,,,46206,A
Mayville village,1756,1711,-45,-2.6,160,36,,,46239,A
McGraw village,1000,1053,53,5.3,160,36,,,44193,A
Mechanicville city,5019,5196,177,3.5,160,36,,,46360,A
Medina village,6415,6065,-350,-5.5,160,36,,,46415,A
Menands village,3905,3990,85,2.2,160,36,,,46536,A
Meridian village,350,309,-41,-11.7,160,36,,,46646,A
Mexico village,1572,1624,52,3.3,160,36,,,46811,A
Middleburgh village,1398,1500,102,7.3,160,36,,,46866,A
Middleport village,1917,1840,-77,-4,160,36,,,46998,A
Middletown city,25325,28086,2761,10.9,160,36,,,47042,A
Middleville village,550,512,-38,-6.9,160,36,,,47108,A
Milford village,517,415,-102,-19.7,160,36,,,47229,A
Mill Neck village,825,997,172,20.8,160,36,,,47405,A
Millbrook village,1429,1452,23,1.6,160,36,,,47273,A
Millerton village,925,958,33,3.6,160,36,,,47361,A
Millport village,297,312,15,5.1,160,36,,,47427,A
Mineola village,19234,18799,-435,-2.3,160,36,,,47636,A
Minoa village,3348,3449,101,3,160,36,,,47757,A
Mohawk village,2660,2731,71,2.7,160,36,,,47823,A
Monroe village,7780,8364,584,7.5,160,36,,,47988,A
Montebello village,3716,4526,810,21.8,160,36,,,48090,A
Montgomery village,3636,3814,178,4.9,160,36,,,48142,A
Monticello village,6532,6726,194,3,160,36,,,48175,A
Montour Falls village,1797,1711,-86,-4.8,160,36,,,48197,A
Moravia village,1363,1282,-81,-5.9,160,36,,,48296,A
Morris village,591,583,-8,-1.4,160,36,,,48483,A
Morristown village,456,395,-61,-13.4,160,36,,,48571,A
Morrisville village,2148,2199,51,2.4,160,36,,,48593,A
Mount Kisco village,10007,10877,870,8.7,160,36,,,48890,A
Mount Morris village,3103,2986,-117,-3.8,160,36,,,48945,A
Mount Vernon city,68381,67292,-1089,-1.6,160,36,,,49121,A
Munnsville village,437,474,37,8.5,160,36,,,49220,A
Munsey Park village,2632,2693,61,2.3,160,36,,,49231,A
Muttontown village,3385,3497,112,3.3,160,36,,,49330,A
Naples village,1072,1041,-31,-2.9,160,36,,,49429,A
Nassau village,1161,1133,-28,-2.4,160,36,,,49506,A
Nelliston village,622,596,-26,-4.2,160,36,,,49748,A
Nelsonville village,565,628,63,11.2,160,36,,,49781,A
New Berlin village,1129,1028,-101,-8.9,160,36,,,49946,A
New Hartford village,1886,1847,-39,-2.1,160,36,,,50298,A
New Hempstead village,4836,5132,296,6.1,160,36,,,50353,A
New Hyde Park village,9527,9712,185,1.9,160,36,,,50397,A
New Paltz village,6034,6818,784,13,160,36,,,50551,A
New Rochelle city,72182,77062,4880,6.8,160,36,,,50617,A
New Square village,4416,6944,2528,57.2,160,36,,,50705,A
New York city,8008686,8175133,166447,2.1,160,36,,,51000,A
New York Mills village,3432,3327,-105,-3.1,160,36,,,51011,A
Newark Valley village,1071,997,-74,-6.9,160,36,,,49902,A
Newark village,9696,9145,-551,-5.7,160,36,,,49891,A
Newburgh city,28259,28866,607,2.1,160,36,,,50034,A
Newport village,640,640,0,0,160,36,,,50573,A
Niagara Falls city,55661,50193,-5468,-9.8,160,36,,,51055,A
Nichols village,574,512,-62,-10.8,160,36,,,51110,A
Nissequogue village,1539,1749,210,13.6,160,36,,,51286,A
North Collins village,1079,1232,153,14.2,160,36,,,51792,A
North Haven village,743,833,90,12.1,160,36,,,52188,A
North Hills village,4301,5075,774,18,160,36,,,53022,A
North Hornell village,724,778,54,7.5,160,36,,,53055,A
North Syracuse village,6862,6800,-62,-0.9,160,36,,,53660,A
North Tonawanda city,33262,31568,-1694,-5.1,160,36,,,53682,A
Northport village,7606,7401,-205,-2.7,160,36,,,53396,A
Northville village,1139,1099,-40,-3.5,160,36,,,53770,A
Norwich city,7355,7190,-165,-2.2,160,36,,,53979,A
Norwood village,1685,1657,-28,-1.7,160,36,,,54012,A
Nunda village,1330,1377,47,3.5,160,36,,,54078,A
Nyack village,6648,6765,117,1.8,160,36,,,54100,A
Oakfield village,1805,1813,8,0.4,160,36,,,54155,A
Ocean Beach village,138,79,-59,-42.8,160,36,,,54430,A
Odessa village,617,591,-26,-4.2,160,36,,,54452,A
Ogdensburg city,12364,11128,-1236,-10,160,36,,,54485,A
Old Brookville village,2167,2134,-33,-1.5,160,36,,,54562,A
Old Field village,947,918,-29,-3.1,160,36,,,54617,A
Old Westbury village,4127,4671,544,13.2,160,36,,,54705,A
Olean city,15347,14452,-895,-5.8,160,36,,,54716,A
Oneida Castle village,627,625,-2,-0.3,160,36,,,54848,A
Oneida city,10987,11393,406,3.7,160,36,,,54837,A
Oneonta city,13292,13901,609,4.6,160,36,,,54881,A
Orchard Park village,3296,3246,-50,-1.5,160,36,,,55266,A
Oriskany Falls village,698,732,34,4.9,160,36,,,55376,A
Oriskany village,1459,1400,-59,-4,160,36,,,55365,A
Ossining village,24043,25060,1017,4.2,160,36,,,55530,A
Oswego city,18096,18142,46,0.3,160,36,,,55574,A
Otego village,1052,1010,-42,-4,160,36,,,55618,A
Otisville village,989,1068,79,8,160,36,,,55673,A
Ovid village,612,602,-10,-1.6,160,36,,,55816,A
Owego village,3911,3896,-15,-0.4,160,36,,,55882,A
Oxford village,1584,1450,-134,-8.5,160,36,,,55948,A
Oyster Bay Cove village,2258,2197,-61,-2.7,160,36,,,56011,A
Painted Post village,1842,1809,-33,-1.8,160,36,,,56088,A
Palatine Bridge village,712,737,25,3.5,160,36,,,56110,A
Palmyra village,3490,3536,46,1.3,160,36,,,56187,A
Panama village,491,479,-12,-2.4,160,36,,,56231,A
Parish village,507,450,-57,-11.2,160,36,,,56341,A
Patchogue village,11922,11798,-124,-1,160,36,,,56660,A
Pawling village,2233,2347,114,5.1,160,36,,,56814,A
Peekskill city,22441,23583,1142,5.1,160,36,,,56979,A
Pelham Manor village,5466,5486,20,0.4,160,36,,,57023,A
Pelham village,6400,6910,510,8,160,36,,,57001,A
Penn Yan village,5219,5159,-60,-1.1,160,36,,,57177,A
Perry village,3949,3673,-276,-7,160,36,,,57243,A
Perrysburg village,408,401,-7,-1.7,160,36,,,57287,A
Phelps village,1969,1989,20,1,160,36,,,57518,A
Philadelphia village,1519,1252,-267,-17.6,160,36,,,57551,A
Philmont village,1480,1379,-101,-6.8,160,36,,,57639,A
Phoenix village,2270,2382,112,4.9,160,36,,,57661,A
Piermont village,2615,2510,-105,-4,160,36,,,57749,A
Pittsford village,1418,1355,-63,-4.4,160,36,,,58354,A
Plandome Heights village,971,1005,34,3.5,160,36,,,58486,A
Plandome Manor village,838,872,34,4.1,160,36,,,58497,A
Plandome village,1272,1349,77,6.1,160,36,,,58475,A
Plattsburgh city,18816,19989,1173,6.2,160,36,,,58574,A
Pleasantville village,7172,7019,-153,-2.1,160,36,,,58728,A
Poland village,461,508,47,10.2,160,36,,,58937,A
Pomona village,2727,3103,376,13.8,160,36,,,58992,A
Poquott village,975,953,-22,-2.3,160,36,,,59157,A
Port Byron village,1297,1290,-7,-0.5,160,36,,,59212,A
Port Chester village,27867,28967,1100,3.9,160,36,,,59223,A
Port Dickinson village,1697,1641,-56,-3.3,160,36,,,59245,A
Port Henry village,1152,1194,42,3.6,160,36,,,59333,A
Port Jefferson village,7837,7750,-87,-1.1,160,36,,,59355,A
Port Jervis city,8860,8828,-32,-0.4,160,36,,,59388,A
Port Leyden village,665,672,7,1.1,160,36,,,59454,A
Port Washington North village,2700,3154,454,16.8,160,36,,,59531,A
Portville village,1024,1014,-10,-1,160,36,,,59498,A
Potsdam village,9378,9428,50,0.5,160,36,,,59564,A
Poughkeepsie city,30157,32736,2579,8.6,160,36,,,59641,A
Prospect village,330,291,-39,-11.8,160,36,,,59883,A
Pulaski village,2411,2365,-46,-1.9,160,36,,,59960,A
Quogue village,1026,967,-59,-5.8,160,36,,,60422,A
Randolph village,1316,1286,-30,-2.3,160,36,,,60576,A
Ravena village,3369,3268,-101,-3,160,36,,,60675,A
Red Creek village,521,532,11,2.1,160,36,,,60829,A
Red Hook village,1805,1961,156,8.6,160,36,,,60895,A
Remsen village,531,508,-23,-4.3,160,36,,,61115,A
Rensselaer city,7892,9392,1500,19,160,36,,,61148,A
Rensselaer Falls village,337,332,-5,-1.5,160,36,,,61159,A
Rhinebeck village,3052,2657,-395,-12.9,160,36,,,61346,A
Richburg village,448,450,2,0.4,160,36,,,61434,A
Richfield Springs village,1260,1264,4,0.3,160,36,,,61489,A
Richmondville village,786,918,132,16.8,160,36,,,61588,A
Richville village,274,323,49,17.9,160,36,,,61621,A
Riverside village,594,497,-97,-16.3,160,36,,,62061,A
Rochester city,219782,210565,-9217,-4.2,160,36,,,63000,A
Rockville Centre village,24568,24023,-545,-2.2,160,36,,,63264,A
Rome city,34950,33725,-1225,-3.5,160,36,,,63418,A
Roslyn Estates village,1210,1251,41,3.4,160,36,,,63792,A
Roslyn Harbor village,1025,1051,26,2.5,160,36,,,63803,A
Roslyn village,2570,2770,200,7.8,160,36,,,63770,A
Round Lake village,604,623,19,3.1,160,36,,,63957,A
Rouses Point village,2277,2209,-68,-3,160,36,,,63979,A
Rushville village,621,677,56,9,160,36,,,64199,A
Russell Gardens village,1074,945,-129,-12,160,36,,,64232,A
Rye Brook village,8629,9347,718,8.3,160,36,,,64325,A
Rye city,14953,15720,767,5.1,160,36,,,64309,A
Sackets Harbor village,1382,1450,68,4.9,160,36,,,64408,A
Saddle Rock village,791,830,39,4.9,160,36,,,64430,A
Sag Harbor village,2329,2169,-160,-6.9,160,36,,,64485,A
Salamanca city,6097,5815,-282,-4.6,160,36,,,64749,A
Salem village,964,946,-18,-1.9,160,36,,,64771,A
Saltaire village,43,37,-6,-14,160,36,,,64881,A
Sands Point village,2726,2675,-51,-1.9,160,36,,,65035,A
Sandy Creek village,755,771,16,2.1,160,36,,,65068,A
Saranac Lake village,5060,5406,346,6.8,160,36,,,65233,A
Saratoga Springs city,26186,26586,400,1.5,160,36,,,65255,A
Saugerties village,3908,3971,63,1.6,160,36,,,65288,A
Savona village,822,827,5,0.6,160,36,,,65354,A
Scarsdale village,17825,17166,-659,-3.7,160,36,,,65431,A
Schaghticoke village,676,592,-84,-12.4,160,36,,,65475,A
Schenectady city,61821,66135,4314,7,160,36,,,65508,A
Schoharie village,1030,922,-108,-10.5,160,36,,,65585,A
Schuylerville village,1197,1386,189,15.8,160,36,,,65750,A
Scotia village,7961,7729,-232,-2.9,160,36,,,65893,A
Scottsville village,2128,2001,-127,-6,160,36,,,65959,A
Sea Cliff village,5066,4995,-71,-1.4,160,36,,,66047,A
Seneca Falls village,6861,6681,-180,-2.6,160,36,,,66322,A
Sharon Springs village,547,558,11,2,160,36,,,66663,A
Sherburne village,1455,1367,-88,-6,160,36,,,66883,A
Sherman village,714,730,16,2.2,160,36,,,66949,A
Sherrill city,3158,3071,-87,-2.8,160,36,,,66993,A
Shoreham village,420,531,111,26.4,160,36,,,67191,A
Shortsville village,1320,1439,119,9,160,36,,,67257,A
Sidney village,4068,3900,-168,-4.1,160,36,,,67334,A
Silver Creek village,2896,2656,-240,-8.3,160,36,,,67411,A
Silver Springs village,844,782,-62,-7.3,160,36,,,67466,A
Sinclairville village,665,588,-77,-11.6,160,36,,,67488,A
Skaneateles village,2616,2450,-166,-6.3,160,36,,,67510,A
Sleepy Hollow village,9212,9870,658,7.1,160,36,,,67638,A
Sloan village,3775,3661,-114,-3,160,36,,,67686,A
Sloatsburg village,3156,3039,-117,-3.7,160,36,,,67708,A
Smyrna village,241,213,-28,-11.6,160,36,,,68099,A
Sodus Point village,1160,900,-260,-22.4,160,36,,,68242,A
Sodus village,1735,1819,84,4.8,160,36,,,68209,A
Solvay village,6845,6584,-261,-3.8,160,36,,,68286,A
South Blooming Grove village a,,3234,,,160,36,,,68610,A
South Corning village,1147,1145,-2,-0.2,160,36,,,68847,A
South Dayton village,662,620,-42,-6.3,160,36,,,68891,A
South Floral Park village,1578,1764,186,11.8,160,36,,,69023,A
South Glens Falls village,3368,3518,150,4.5,160,36,,,69078,A
South Nyack village,3549,3510,-39,-1.1,160,36,,,69441,A
Southampton village,3965,3109,-856,-21.6,160,36,,,68462,A
Speculator village,348,324,-24,-6.9,160,36,,,70123,A
Spencer village,731,759,28,3.8,160,36,,,70167,A
Spencerport village,3559,3601,42,1.2,160,36,,,70189,A
Spring Valley village,24091,31347,7256,30.1,160,36,,,70420,A
Springville village,4249,4296,47,1.1,160,36,,,70442,A
St. Johnsville village,1676,1732,56,3.3,160,36,,,64639,A
Stamford village,1265,1119,-146,-11.5,160,36,,,70618,A
Stewart Manor village,1935,1896,-39,-2,160,36,,,71267,A
Stillwater village,1720,1738,18,1,160,36,,,71322,A
Suffern village,10982,10723,-259,-2.4,160,36,,,71894,A
Sylvan Beach village,1071,897,-174,-16.2,160,36,,,72521,A
Syracuse city,146464,145170,-1294,-0.9,160,36,,,73000,A
Tannersville village,456,539,83,18.2,160,36,,,73143,A
Tarrytown village,11090,11277,187,1.7,160,36,,,73176,A
Theresa village,812,863,51,6.3,160,36,,,73517,A
Thomaston village,2607,2617,10,0.4,160,36,,,73605,A
Tivoli village,1163,1118,-45,-3.9,160,36,,,74023,A
Tonawanda city,16136,15130,-1006,-6.2,160,36,,,74166,A
Troy city,49172,50129,957,1.9,160,36,,,75484,A
Trumansburg village,1778,1797,19,1.1,160,36,,,75506,A
Tuckahoe village,6208,6486,278,4.5,160,36,,,75583,A
Tully village,924,873,-51,-5.5,160,36,,,75627,A
Tupper Lake village,3985,3667,-318,-8,160,36,,,75671,A
Turin village,263,232,-31,-11.8,160,36,,,75682,A
Tuxedo Park village,731,623,-108,-14.8,160,36,,,75803,A
Unadilla village,1125,1128,3,0.3,160,36,,,76001,A
Union Springs village,1074,1197,123,11.5,160,36,,,76155,A
Unionville village,536,612,76,14.2,160,36,,,76210,A
Upper Brookville village,1801,1698,-103,-5.7,160,36,,,76331,A
Upper Nyack village,1863,2063,200,10.7,160,36,,,76386,A
Utica city,60599,62235,1636,2.7,160,36,,,76540,A
Valatie village,1712,1819,107,6.3,160,36,,,76617,A
Valley Falls village,491,466,-25,-5.1,160,36,,,76672,A
Valley Stream village,36320,37511,1191,3.3,160,36,,,76705,A
Van Etten village,581,537,-44,-7.6,160,36,,,76881,A
Vernon village,1155,1172,17,1.5,160,36,,,77112,A
Victor village,2433,2696,263,10.8,160,36,,,77376,A
Victory village,544,605,61,11.2,160,36,,,77431,A
Village of the Branch village,1892,1807,-85,-4.5,160,36,,,77519,A
Voorheesville village,2775,2789,14,0.5,160,36,,,77684,A
Waddington village,923,972,49,5.3,160,36,,,77728,A
Walden village,6289,6978,689,11,160,36,,,77849,A
Walton village,3071,3088,17,0.6,160,36,,,78036,A
Wampsville village,561,543,-18,-3.2,160,36,,,78113,A
Wappingers Falls village,4929,5522,593,12,160,36,,,78168,A
Warsaw village,3814,3473,-341,-8.9,160,36,,,78333,A
Warwick village,6404,6731,327,5.1,160,36,,,78355,A
Washingtonville village,5851,5899,48,0.8,160,36,,,78465,A
Waterford village,2204,1990,-214,-9.7,160,36,,,78520,A
Waterloo village,5176,5171,-5,-0.1,160,36,,,78553,A
Watertown city,26705,27023,318,1.2,160,36,,,78608,A
Waterville village,1721,1583,-138,-8,160,36,,,78663,A
Watervliet city,9904,10254,350,3.5,160,36,,,78674,A
Watkins Glen village,2158,1859,-299,-13.9,160,36,,,78696,A
Waverly village,4607,4444,-163,-3.5,160,36,,,78806,A
Wayland village,1893,1865,-28,-1.5,160,36,,,78850,A
Webster village,5216,5399,183,3.5,160,36,,,78960,A
Weedsport village,2017,1815,-202,-10,160,36,,,79015,A
Wellsburg village,631,580,-51,-8.1,160,36,,,79081,A
Wellsville village,5171,4679,-492,-9.5,160,36,,,79092,A
Wesley Hills village,4852,5628,776,16,160,36,,,79174,A
West Carthage village,2106,2012,-94,-4.5,160,36,,,79499,A
West Hampton Dunes village,11,55,44,400,160,36,,,80186,A
West Haverstraw village,10304,10165,-139,-1.3,160,36,,,80203,A
West Winfield village,868,826,-42,-4.8,160,36,,,81292,A
Westbury village,14364,15146,782,5.4,160,36,,,79444,A
Westfield village,3481,3224,-257,-7.4,160,36,,,79939,A
Westhampton Beach village,1897,1721,-176,-9.3,160,36,,,80181,A
White Plains city,53075,56853,3778,7.1,160,36,,,81677,A
Whitehall village,2667,2614,-53,-2,160,36,,,81622,A
Whitesboro village,3924,3772,-152,-3.9,160,36,,,81710,A
Whitney Point village,981,964,-17,-1.7,160,36,,,81831,A
Williamsville village,5573,5300,-273,-4.9,160,36,,,82084,A
Williston Park village,7237,7287,50,0.7,160,36,,,82117,A
Wilson village,1213,1264,51,4.2,160,36,,,82359,A
Windsor village,901,916,15,1.7,160,36,,,82524,A
Wolcott village,1712,1701,-11,-0.6,160,36,,,82678,A
Woodbury village a,,10686,,,160,36,,,82750,A
Woodridge village,906,847,-59,-6.5,160,36,,,82953,A
Woodsburgh village,831,778,-53,-6.4,160,36,,,82986,A
Wurtsboro village,1234,1246,12,1,160,36,,,83272,A
Wyoming village,513,434,-79,-15.4,160,36,,,83371,A
Yonkers city,196001,195976,-25,0,160,36,,,84000,A
Yorkville village,2675,2689,14,0.5,160,36,,,84099,A
Youngstown village,1957,1935,-22,-1.1,160,36,,,84143,A
